tile_name,percent,Texture,Tex_lvl
NG5620,0.06,Heavy,3
NG5621,0.09,Heavy,3
NG5720,0.13,Heavy,3
NG5728,0.04,Heavy,3
NG5827,0.04,Heavy,3
NG5828,0.1,Heavy,3
NG5926,0.04,Heavy,3
TF0146,0.23,Heavy,3
TF0246,0.08,Heavy,3
TQ7899,2.1,Heavy,3
NG2405,0.01,Medium,2
NG3402,0.33,Medium,2
NG3403,0.05,Medium,2
NG3501,0.04,Medium,2
NG3600,0.02,Medium,2
NG3700,0.08,Medium,2
NG4525,0.04,Medium,2
NG4625,0.08,Medium,2
NG5436,0.84,Medium,2
NG5437,1.73,Medium,2
NG5438,0.25,Medium,2
NG5536,0.05,Medium,2
NG5537,0.9,Medium,2
NG5838,0.01,Medium,2
NM3299,0.02,Medium,2
NM3499,0.01,Medium,2
NM3791,0.22,Medium,2
NM3891,0.07,Medium,2
NM3899,0.04,Medium,2
NM3998,0.05,Medium,2
NM4099,0.01,Medium,2
NM4194,0.18,Medium,2
NM4268,0.24,Medium,2
NM4364,0.73,Medium,2
NM4365,0.73,Medium,2
NM4366,0.13,Medium,2
NM4670,0.54,Medium,2
NM4788,0.02,Medium,2
NM4863,0.13,Medium,2
NM4864,0.28,Medium,2
NM4865,0.18,Medium,2
NM4868,0.05,Medium,2
NM4963,0.85,Medium,2
NM4964,0.87,Medium,2
NM5063,0.32,Medium,2
NM5064,0.37,Medium,2
NM5069,0.83,Medium,2
NM5070,0.26,Medium,2
NM5163,0.56,Medium,2
NM5164,0.53,Medium,2
NM5466,0.24,Medium,2
NM5469,0.41,Medium,2
NM5470,0.31,Medium,2
NM5530,0.14,Medium,2
NM5562,0.13,Medium,2
NM5565,0.17,Medium,2
NM5570,0.52,Medium,2
NM5571,0.46,Medium,2
NM5632,0.75,Medium,2
NM6131,0.46,Medium,2
NM6132,0.84,Medium,2
NM6226,0.95,Medium,2
NM6432,0.07,Medium,2
NM6434,0.02,Medium,2
NM6439,0.19,Medium,2
NM6531,0.9,Medium,2
NM6532,0.82,Medium,2
NM6631,1.28,Medium,2
NM6776,0.09,Medium,2
NM7137,0.02,Medium,2
NM7236,0.03,Medium,2
NM7812,0.16,Medium,2
NM8204,0.05,Medium,2
NM8205,0.01,Medium,2
NM8304,0.05,Medium,2
NN1571,0.19,Medium,2
NN2127,0.43,Medium,2
NN3104,0.34,Medium,2
NO0530,0.01,Medium,2
NO1031,0.01,Medium,2
NS0121,0.05,Medium,2
NS0133,0.08,Medium,2
NS0144,0.01,Medium,2
NS0171,0.04,Medium,2
NS0172,0.07,Medium,2
NS0174,0.02,Medium,2
NS0266,0.02,Medium,2
NS0267,0.06,Medium,2
NS0270,0.01,Medium,2
NS0273,0.04,Medium,2
NS0274,0.01,Medium,2
NS0362,0.02,Medium,2
NS0363,0.03,Medium,2
NS0364,0.04,Medium,2
NS0368,0.04,Medium,2
NS0369,0.07,Medium,2
NS0371,0.03,Medium,2
NS0372,0.07,Medium,2
NS0461,0.03,Medium,2
NS0463,0.01,Medium,2
NS0464,0.03,Medium,2
NS0465,0.03,Medium,2
NS0467,0.01,Medium,2
NS0471,0.08,Medium,2
NS0472,0.01,Medium,2
NS0563,0.12,Medium,2
NS0566,0.02,Medium,2
NS0568,0.04,Medium,2
NS0570,0.05,Medium,2
NS0657,0.02,Medium,2
NS0662,0.03,Medium,2
NS0663,0.05,Medium,2
NS0666,0.03,Medium,2
NS0668,0.02,Medium,2
NS0669,0.02,Medium,2
NS0761,0.05,Medium,2
NS0762,0.01,Medium,2
NS0763,0.04,Medium,2
NS0764,0.03,Medium,2
NS0765,0.04,Medium,2
NS0766,0.05,Medium,2
NS0767,0.05,Medium,2
NS0853,0.12,Medium,2
NS0854,0.07,Medium,2
NS0856,0.01,Medium,2
NS0857,0.08,Medium,2
NS0858,0.09,Medium,2
NS0859,0.13,Medium,2
NS0860,0.12,Medium,2
NS0861,0.05,Medium,2
NS0862,0.02,Medium,2
NS0863,0.04,Medium,2
NS0864,0.02,Medium,2
NS0866,0.03,Medium,2
NS0951,0.05,Medium,2
NS0952,0.08,Medium,2
NS0953,0.01,Medium,2
NS0954,0.07,Medium,2
NS0957,0.03,Medium,2
NS0958,0.11,Medium,2
NS0960,0.14,Medium,2
NS0961,0.16,Medium,2
NS0963,0.03,Medium,2
NS0964,0.18,Medium,2
NS0965,0.03,Medium,2
NS1052,0.14,Medium,2
NS1054,0.03,Medium,2
NS1056,0.01,Medium,2
NS1057,0.06,Medium,2
NS1058,0.01,Medium,2
NS1059,0.05,Medium,2
NS1060,0.05,Medium,2
NS1061,0.05,Medium,2
NS1062,0.02,Medium,2
NS1063,0.03,Medium,2
NS1064,0.02,Medium,2
NS1065,0.01,Medium,2
NS1153,0.04,Medium,2
NS1154,0.01,Medium,2
NS1156,0.02,Medium,2
NS1157,0.01,Medium,2
NS1159,0.02,Medium,2
NS1160,0.02,Medium,2
NS1555,0.05,Medium,2
NS1655,0.11,Medium,2
NS1749,0.03,Medium,2
NS1754,0.02,Medium,2
NS1755,0.04,Medium,2
NS2145,0.03,Medium,2
NS2310,0.05,Medium,2
NS2393,0.04,Medium,2
NS2495,0.03,Medium,2
NS3479,0.04,Medium,2
NS3634,0.05,Medium,2
NS3823,0.03,Medium,2
NS3875,0.03,Medium,2
NS3877,0.02,Medium,2
NS3923,0.03,Medium,2
NS4175,0.06,Medium,2
NS4262,0.4,Medium,2
NS4274,0.02,Medium,2
NS4374,0.01,Medium,2
NS4973,0.03,Medium,2
NS5274,0.03,Medium,2
NS5474,0.02,Medium,2
NS6159,0.03,Medium,2
NS6567,0.01,Medium,2
NS7170,0.09,Medium,2
NS7171,0.12,Medium,2
NS7278,0.45,Medium,2
NS7279,0.2,Medium,2
NS7378,0.09,Medium,2
NS7993,2.2,Medium,2
NS9168,0.24,Medium,2
NS9573,0.02,Medium,2
NS9871,0.18,Medium,2
NT1174,0.17,Medium,2
NT1268,0.04,Medium,2
NT1270,2.3,Medium,2
NT1367,0.12,Medium,2
NT1370,0.76,Medium,2
NT1371,0.76,Medium,2
NT1380,0.99,Medium,2
NT1667,0.02,Medium,2
NT1684,0.16,Medium,2
NT1685,0.26,Medium,2
NT1772,0.15,Medium,2
NT1774,0.71,Medium,2
NT1775,0.38,Medium,2
NT1867,0.02,Medium,2
NT1876,0.01,Medium,2
NT1985,0.25,Medium,2
NT2072,0.23,Medium,2
NT2073,3.19,Medium,2
NT2075,0.29,Medium,2
NT2076,0.29,Medium,2
NT2172,0.12,Medium,2
NT2371,0.03,Medium,2
NT2373,0.03,Medium,2
NT2472,0.01,Medium,2
NT2473,0.01,Medium,2
NT2474,0.02,Medium,2
NT2573,0.26,Medium,2
NT2574,0.02,Medium,2
NT2672,0.22,Medium,2
NT2673,0.17,Medium,2
NT2674,0.05,Medium,2
NT2772,0.4,Medium,2
NT2773,0.19,Medium,2
NT2775,0.03,Medium,2
NT2872,0.03,Medium,2
NT2873,0.07,Medium,2
NT4276,0.1,Medium,2
NT4376,0.09,Medium,2
NT4677,0.09,Medium,2
NT5720,0.2,Medium,2
NT6125,0.09,Medium,2
NT6140,0.57,Medium,2
NT6225,0.44,Medium,2
NT6840,0.14,Medium,2
NT6879,0.07,Medium,2
NY4784,0.02,Medium,2
NY6988,0.06,Medium,2
NY6989,0.13,Medium,2
NY7089,0.06,Medium,2
NC0426,0.1,Light,1
NC0523,0.29,Light,1
NC0524,0.04,Light,1
NC0819,0.21,Light,1
NC1123,0.04,Light,1
NC1232,0.65,Light,1
NC1332,0.28,Light,1
NC1424,0.14,Light,1
NC1444,0.02,Light,1
NC1516,0.36,Light,1
NC1524,0.14,Light,1
NC1530,0.11,Light,1
NC1549,0.03,Light,1
NC1624,0.28,Light,1
NC1626,0.32,Light,1
NC1630,0.42,Light,1
NC1636,0.09,Light,1
NC1637,0.03,Light,1
NC1642,0.03,Light,1
NC1648,0.16,Light,1
NC1649,0.09,Light,1
NC1724,0.62,Light,1
NC1730,0.09,Light,1
NC1738,0.38,Light,1
NC1740,0.16,Light,1
NC1749,0.16,Light,1
NC1830,0.37,Light,1
NC1934,0.15,Light,1
NC2016,0.12,Light,1
NC2033,0.08,Light,1
NC2047,0.24,Light,1
NC2048,0.34,Light,1
NC2125,0.03,Light,1
NC2136,0.23,Light,1
NC2234,0.13,Light,1
NC2247,0.13,Light,1
NC2256,0.04,Light,1
NC2346,0.27,Light,1
NC2533,0.52,Light,1
NC2633,0.2,Light,1
NC2938,0.52,Light,1
NC3019,0.13,Light,1
NC3038,0.06,Light,1
NC3953,1.06,Light,1
NC7060,0.3,Light,1
NC8269,0.18,Light,1
NF7171,0.78,Light,1
NF8353,1.8,Light,1
NF8776,0.29,Light,1
NF8973,0.19,Light,1
NF8977,0.61,Light,1
NF9891,0.01,Light,1
NF9987,1.25,Light,1
NG0294,0.83,Light,1
NG3101,0.11,Light,1
NG5900,0.13,Light,1
NH1852,0.11,Light,1
NH1952,2.32,Light,1
NH1953,1.45,Light,1
NH2050,0.03,Light,1
NH2052,2.7,Light,1
NH2151,1.58,Light,1
NH2251,1.73,Light,1
NH2252,10.43,Light,1
NH2454,2.26,Light,1
NH2756,0.06,Light,1
NH3303,0.02,Light,1
NH3771,1.52,Light,1
NH3969,0.03,Light,1
NH4581,0.78,Light,1
NH4582,0.13,Light,1
NH4681,0.74,Light,1
NH4682,0.37,Light,1
NH4751,0.11,Light,1
NH4783,0.54,Light,1
NH4784,1.95,Light,1
NH4785,2.22,Light,1
NH4787,0.19,Light,1
NH4887,1.08,Light,1
NH4950,3.13,Light,1
NH4951,1.63,Light,1
NH4952,1.55,Light,1
NH5050,5.54,Light,1
NH5051,6.32,Light,1
NH5080,1.26,Light,1
NH5149,10.89,Light,1
NH5150,3.71,Light,1
NH5151,2.02,Light,1
NH5178,0.63,Light,1
NH5179,1.67,Light,1
NH5181,0.96,Light,1
NH5182,0.27,Light,1
NH5248,0.68,Light,1
NH5249,5.95,Light,1
NH5250,7.23,Light,1
NH5281,0.28,Light,1
NH5282,1.84,Light,1
NH5283,0.2,Light,1
NH5349,0.01,Light,1
NH5350,2.57,Light,1
NH5381,0.12,Light,1
NH5382,0.59,Light,1
NH5449,1.62,Light,1
NH5450,1.13,Light,1
NH5587,0.09,Light,1
NH5667,1.52,Light,1
NH5668,2.53,Light,1
NH5766,0.17,Light,1
NH5849,0.72,Light,1
NH5935,3.48,Light,1
NH5948,0.04,Light,1
NH5952,0.32,Light,1
NH5966,0.39,Light,1
NH6035,5.8,Light,1
NH6066,3.2,Light,1
NH6067,3.39,Light,1
NH6152,3.15,Light,1
NH6153,6.02,Light,1
NH6165,0.65,Light,1
NH6166,2.3,Light,1
NH6169,0.19,Light,1
NH6238,7.78,Light,1
NH6243,0.2,Light,1
NH6252,0.85,Light,1
NH6253,10.59,Light,1
NH6254,0.07,Light,1
NH6267,0.35,Light,1
NH6270,0.14,Light,1
NH6338,1.1,Light,1
NH6352,0.71,Light,1
NH6353,9,Light,1
NH6354,0.03,Light,1
NH6441,4.86,Light,1
NH6442,0.02,Light,1
NH6469,7.91,Light,1
NH6470,6.78,Light,1
NH6471,0.28,Light,1
NH6480,0.82,Light,1
NH6541,7.82,Light,1
NH6542,5.37,Light,1
NH6543,0.23,Light,1
NH6544,1.15,Light,1
NH6548,0.91,Light,1
NH6553,0.22,Light,1
NH6556,1.47,Light,1
NH6569,2.01,Light,1
NH6570,3.42,Light,1
NH6571,0.19,Light,1
NH6580,3.9,Light,1
NH6642,6.02,Light,1
NH6643,1.24,Light,1
NH6655,2.76,Light,1
NH6669,6.69,Light,1
NH6670,7.73,Light,1
NH6674,0.09,Light,1
NH6677,1.04,Light,1
NH6678,2.71,Light,1
NH6679,3.1,Light,1
NH6680,3.69,Light,1
NH6681,0.32,Light,1
NH6770,5.32,Light,1
NH6771,3.86,Light,1
NH6773,0.31,Light,1
NH6777,1.3,Light,1
NH6778,3.55,Light,1
NH6780,2.21,Light,1
NH6886,0.33,Light,1
NH6887,0.22,Light,1
NH7070,0.06,Light,1
NH7072,3.62,Light,1
NH7076,0.81,Light,1
NH7171,0.57,Light,1
NH7172,2.25,Light,1
NH7174,2.6,Light,1
NH7274,2.53,Light,1
NH7276,0.33,Light,1
NH7562,0.15,Light,1
NH7576,1.08,Light,1
NH7674,0.04,Light,1
NH7675,5.89,Light,1
NH7775,10.58,Light,1
NH7978,1.62,Light,1
NH7979,1.1,Light,1
NH8173,0.06,Light,1
NH8273,2.04,Light,1
NH8374,0.2,Light,1
NH8476,0.05,Light,1
NH8675,0.13,Light,1
NH8676,2.49,Light,1
NH8776,0.09,Light,1
NJ0426,0.04,Light,1
NJ0526,1.93,Light,1
NJ0627,0.04,Light,1
NJ0728,0.2,Light,1
NJ1029,2.03,Light,1
NJ1129,1.43,Light,1
NJ1130,0.1,Light,1
NJ1617,0.05,Light,1
NJ1619,1.26,Light,1
NJ2440,0.18,Light,1
NJ2453,0.25,Light,1
NJ2454,0.17,Light,1
NJ2747,0.27,Light,1
NJ2748,2.92,Light,1
NJ2749,2.15,Light,1
NJ2750,1.47,Light,1
NJ2758,0.13,Light,1
NJ2847,1.24,Light,1
NJ2848,0.78,Light,1
NJ2849,0.27,Light,1
NJ2850,0.53,Light,1
NJ2946,0.93,Light,1
NJ2948,0.83,Light,1
NJ2949,2.28,Light,1
NJ2950,1.51,Light,1
NJ2958,0.27,Light,1
NJ3036,0.11,Light,1
NJ3050,0.27,Light,1
NJ3051,2.43,Light,1
NJ3150,1.66,Light,1
NJ3151,1.67,Light,1
NJ3152,0.73,Light,1
NJ3153,1.62,Light,1
NJ3154,21.41,Light,1
NJ3155,25,Light,1
NJ3156,33.33,Light,1
NJ3157,2.3,Light,1
NJ3239,0.72,Light,1
NJ3251,2.28,Light,1
NJ3253,0.58,Light,1
NJ3254,0.21,Light,1
NJ3255,9.9,Light,1
NJ3355,0.43,Light,1
NJ3356,1.42,Light,1
NJ3357,0.7,Light,1
NJ3449,1.06,Light,1
NJ3451,1.07,Light,1
NJ3456,0.13,Light,1
NJ3457,1.37,Light,1
NJ3458,0.32,Light,1
NJ3557,0.01,Light,1
NJ3849,0.08,Light,1
NJ4047,1.98,Light,1
NJ4249,0.02,Light,1
NJ4250,0.08,Light,1
NJ5865,0.01,Light,1
NJ5866,0.01,Light,1
NJ5966,0.05,Light,1
NJ7539,2.24,Light,1
NJ8025,0.95,Light,1
NJ8125,0.21,Light,1
NJ9648,0.41,Light,1
NJ9848,0.07,Light,1
NL9640,0.36,Light,1
NM0144,0.14,Light,1
NM0145,2.43,Light,1
NM0146,2,Light,1
NM0147,0.61,Light,1
NM0148,1.25,Light,1
NM0244,6.02,Light,1
NM0346,1.52,Light,1
NM0449,1.14,Light,1
NM0648,0.26,Light,1
NM0748,1.03,Light,1
NM0749,0.58,Light,1
NM0847,1.01,Light,1
NM1153,1.19,Light,1
NM1253,1.05,Light,1
NM1254,0.24,Light,1
NM1454,0.1,Light,1
NM1553,0.5,Light,1
NM1554,4.21,Light,1
NM1555,2.66,Light,1
NM1556,1.41,Light,1
NM1652,0.27,Light,1
NM1653,0.41,Light,1
NM1654,0.66,Light,1
NM1655,3.88,Light,1
NM1656,1.47,Light,1
NM1657,0.01,Light,1
NM1752,0.37,Light,1
NM1753,0.85,Light,1
NM1754,1.28,Light,1
NM1756,0.04,Light,1
NM1853,0.47,Light,1
NM1854,0.63,Light,1
NM1856,0.74,Light,1
NM1858,0.73,Light,1
NM1859,1.28,Light,1
NM1953,0.11,Light,1
NM1954,1.01,Light,1
NM1955,2.95,Light,1
NM1957,4.74,Light,1
NM1958,4.66,Light,1
NM1959,1.3,Light,1
NM1960,0.58,Light,1
NM2055,1.22,Light,1
NM2056,3.36,Light,1
NM2057,4.24,Light,1
NM2058,2.37,Light,1
NM2060,0.81,Light,1
NM2155,1.09,Light,1
NM2156,0.95,Light,1
NM2157,1.26,Light,1
NM2158,5.23,Light,1
NM2159,1.88,Light,1
NM2160,2.08,Light,1
NM2161,0.51,Light,1
NM2255,1.42,Light,1
NM2256,1.54,Light,1
NM2257,1.16,Light,1
NM2258,1.83,Light,1
NM2259,3.01,Light,1
NM2260,4.85,Light,1
NM2261,7.69,Light,1
NM2262,0.48,Light,1
NM2356,1.61,Light,1
NM2357,1.11,Light,1
NM2358,0.94,Light,1
NM2359,3.05,Light,1
NM2360,2.08,Light,1
NM2361,2.38,Light,1
NM2362,1.16,Light,1
NM2363,0.25,Light,1
NM2456,0.42,Light,1
NM2457,1.5,Light,1
NM2458,1.37,Light,1
NM2459,0.81,Light,1
NM2460,1.27,Light,1
NM2461,1.64,Light,1
NM2462,1.35,Light,1
NM2463,0.13,Light,1
NM2558,0.43,Light,1
NM2559,1.18,Light,1
NM2560,2.34,Light,1
NM2561,2.31,Light,1
NM2562,2.84,Light,1
NM2563,0.94,Light,1
NM2660,0.69,Light,1
NM2661,0.94,Light,1
NM2662,0.56,Light,1
NM2663,1.32,Light,1
NM2664,0.81,Light,1
NM2762,0.27,Light,1
NM2763,0.25,Light,1
NM6890,0.08,Light,1
NM7468,0.41,Light,1
NM8419,0.52,Light,1
NN2323,0.06,Light,1
NN2627,0.2,Light,1
NN2980,1.77,Light,1
NN3117,0.11,Light,1
NN3118,0.18,Light,1
NN3380,1.26,Light,1
NN3480,0.06,Light,1
NN4399,0.14,Light,1
NN4498,0.01,Light,1
NN4499,0.02,Light,1
NN4573,0.38,Light,1
NN4674,0.01,Light,1
NN4698,0.16,Light,1
NN4933,2.1,Light,1
NN5236,0.1,Light,1
NN5837,0.31,Light,1
NN5838,0.04,Light,1
NN6341,0.88,Light,1
NN6342,0.72,Light,1
NN8549,0.81,Light,1
NN9557,2.25,Light,1
NN9752,0.81,Light,1
NO0363,2.16,Light,1
NO0562,1.13,Light,1
NO0647,0.42,Light,1
NO1070,2.39,Light,1
NO1268,0.69,Light,1
NO1375,0.54,Light,1
NO1591,1.89,Light,1
NO1780,0.23,Light,1
NO1868,2.08,Light,1
NO1869,0.3,Light,1
NO1880,0.2,Light,1
NO1967,0.45,Light,1
NO2142,0.28,Light,1
NO2177,0.17,Light,1
NO2476,0.1,Light,1
NO3252,0.58,Light,1
NO6069,1.31,Light,1
NO6466,0.98,Light,1
NO6668,12.09,Light,1
NO6865,0.04,Light,1
NO7161,1.18,Light,1
NO7261,1.1,Light,1
NO7564,0.26,Light,1
NO7665,3.52,Light,1
NO7966,0.46,Light,1
NO7967,1.29,Light,1
NO8067,0.57,Light,1
NR3895,0.08,Light,1
NR3896,0.03,Light,1
NR9148,0.19,Light,1
NS0129,0.14,Light,1
NS0145,0.47,Light,1
NS0146,0.33,Light,1
NS0232,0.23,Light,1
NS0332,0.21,Light,1
NS3184,0.74,Light,1
NS3284,2.14,Light,1
NS3285,2.29,Light,1
NS3384,2.7,Light,1
NS3385,0.95,Light,1
NS3484,2.68,Light,1
NS3584,4.5,Light,1
NS3585,4.11,Light,1
NS3586,5.96,Light,1
NS3587,1.84,Light,1
NS3683,2.52,Light,1
NS3684,6.71,Light,1
NS3782,0.44,Light,1
NS3783,1.42,Light,1
NS3878,0.66,Light,1
NS3879,0.58,Light,1
NS3880,0.84,Light,1
NS3881,6.06,Light,1
NS3882,1.46,Light,1
NS3978,0.27,Light,1
NS3979,1.17,Light,1
NS3980,1.93,Light,1
NS3981,6.49,Light,1
NS3982,0.72,Light,1
NS4081,0.33,Light,1
NS4082,0.01,Light,1
NS4237,4.9,Light,1
NS5858,0.51,Light,1
NS6512,2.07,Light,1
NS7143,0.14,Light,1
NS9042,5.42,Light,1
NS9142,6.63,Light,1
NT1546,9.71,Light,1
NT1640,12.5,Light,1
NT1807,3.24,Light,1
NT1814,2.82,Light,1
NT2158,0.75,Light,1
NT2353,6.9,Light,1
NT2458,0.2,Light,1
NT2557,2.39,Light,1
NT2558,0.14,Light,1
NT2608,4.82,Light,1
NT2623,3.8,Light,1
NT2714,1.7,Light,1
NT2815,1.69,Light,1
NT2819,4.77,Light,1
NT2824,2.96,Light,1
NT2840,2.78,Light,1
NT2916,2.31,Light,1
NT2924,1.31,Light,1
NT2951,1.17,Light,1
NT2952,4.41,Light,1
NT3016,1.91,Light,1
NT3413,0.46,Light,1
NT3415,4.6,Light,1
NT3515,3.39,Light,1
NT3535,1.94,Light,1
NT3536,0.58,Light,1
NT3635,3.87,Light,1
NT3636,2.62,Light,1
NT3814,1.27,Light,1
NT3818,4.3,Light,1
NT3829,4.88,Light,1
NT3860,0.18,Light,1
NT3861,0.04,Light,1
NT3862,0.54,Light,1
NT3863,0.63,Light,1
NT3865,1.14,Light,1
NT3866,0.99,Light,1
NT3869,0.06,Light,1
NT3919,1.68,Light,1
NT3937,4.01,Light,1
NT3965,1.67,Light,1
NT3966,2.22,Light,1
NT3967,4.93,Light,1
NT4065,0.8,Light,1
NT4066,0.46,Light,1
NT4067,1.67,Light,1
NT4068,2.11,Light,1
NT4162,0.3,Light,1
NT4167,0.42,Light,1
NT4168,0.13,Light,1
NT4169,16.85,Light,1
NT4227,4.74,Light,1
NT4235,6.23,Light,1
NT4238,4.23,Light,1
NT4248,1.36,Light,1
NT4335,3.29,Light,1
NT4344,2.29,Light,1
NT4348,2.76,Light,1
NT4349,2.33,Light,1
NT4357,9.07,Light,1
NT4426,2.48,Light,1
NT4434,1.9,Light,1
NT4443,2.07,Light,1
NT4444,0.74,Light,1
NT4445,1.63,Light,1
NT4463,1.38,Light,1
NT4464,1.57,Light,1
NT4468,0.96,Light,1
NT4469,0.18,Light,1
NT4544,3.8,Light,1
NT4545,2.69,Light,1
NT4563,1.8,Light,1
NT4564,2.36,Light,1
NT4565,2.42,Light,1
NT4566,0.96,Light,1
NT4567,2.1,Light,1
NT4568,2.81,Light,1
NT4577,0.04,Light,1
NT4627,5.33,Light,1
NT4628,3.13,Light,1
NT4629,3.42,Light,1
NT4637,7.61,Light,1
NT4643,3.18,Light,1
NT4644,5.99,Light,1
NT4645,3.63,Light,1
NT4651,3.89,Light,1
NT4654,5.14,Light,1
NT4659,2.37,Light,1
NT4663,0.56,Light,1
NT4664,0.48,Light,1
NT4666,0.29,Light,1
NT4668,6.46,Light,1
NT4669,0.28,Light,1
NT4728,2.44,Light,1
NT4729,3.15,Light,1
NT4730,2.72,Light,1
NT4731,5.68,Light,1
NT4732,3.36,Light,1
NT4743,3.32,Light,1
NT4750,2.39,Light,1
NT4751,2.4,Light,1
NT4753,2.84,Light,1
NT4754,3.05,Light,1
NT4756,2.58,Light,1
NT4759,3.25,Light,1
NT4764,0.05,Light,1
NT4770,0.08,Light,1
NT4773,0.56,Light,1
NT4828,4.64,Light,1
NT4831,2.69,Light,1
NT4832,3.86,Light,1
NT4854,2.74,Light,1
NT4863,1.74,Light,1
NT4864,0.78,Light,1
NT4867,0.06,Light,1
NT4873,0.79,Light,1
NT4927,1.24,Light,1
NT4933,2.24,Light,1
NT4936,5.02,Light,1
NT4953,3.79,Light,1
NT4954,1.59,Light,1
NT4964,1,Light,1
NT4972,0.5,Light,1
NT5008,3.24,Light,1
NT5009,2.71,Light,1
NT5015,2.45,Light,1
NT5022,8.7,Light,1
NT5023,1.25,Light,1
NT5034,4.18,Light,1
NT5066,0.12,Light,1
NT5067,0.1,Light,1
NT5068,0.17,Light,1
NT5124,3.62,Light,1
NT5134,4.21,Light,1
NT5144,5.97,Light,1
NT5145,2.55,Light,1
NT5165,1.26,Light,1
NT5167,0.25,Light,1
NT5168,0.14,Light,1
NT5171,0.59,Light,1
NT5216,2.26,Light,1
NT5218,5.96,Light,1
NT5224,6.79,Light,1
NT5229,7.2,Light,1
NT5231,5.81,Light,1
NT5253,1.59,Light,1
NT5265,0.93,Light,1
NT5271,0.02,Light,1
NT5279,0.27,Light,1
NT5316,2.68,Light,1
NT5328,2.46,Light,1
NT5329,5.52,Light,1
NT5334,3.49,Light,1
NT5354,0.01,Light,1
NT5365,1.19,Light,1
NT5367,0.06,Light,1
NT5371,0.07,Light,1
NT5374,0.4,Light,1
NT5375,0.67,Light,1
NT5424,2.52,Light,1
NT5426,4.19,Light,1
NT5428,1.3,Light,1
NT5434,2.21,Light,1
NT5455,0.22,Light,1
NT5456,0.18,Light,1
NT5461,7.73,Light,1
NT5471,0.06,Light,1
NT5481,0.08,Light,1
NT5529,6.22,Light,1
NT5535,3.71,Light,1
NT5553,0.67,Light,1
NT5574,1.17,Light,1
NT5575,0.03,Light,1
NT5618,2.14,Light,1
NT5634,6.38,Light,1
NT5635,4.56,Light,1
NT5645,0.47,Light,1
NT5673,0.28,Light,1
NT5674,0.48,Light,1
NT5679,10.13,Light,1
NT5680,1.19,Light,1
NT5737,1.13,Light,1
NT5770,0.6,Light,1
NT5779,5.42,Light,1
NT5780,0.12,Light,1
NT5829,10.67,Light,1
NT5831,2.8,Light,1
NT5832,2.32,Light,1
NT5834,0.29,Light,1
NT5871,1.15,Light,1
NT5873,0.04,Light,1
NT5878,0.22,Light,1
NT5880,0.26,Light,1
NT5931,0.76,Light,1
NT5971,0.36,Light,1
NT5972,0.25,Light,1
NT5977,0.38,Light,1
NT5978,0.46,Light,1
NT5981,0.03,Light,1
NT6030,3.64,Light,1
NT6032,0.22,Light,1
NT6040,0.88,Light,1
NT6041,1.96,Light,1
NT6073,0.6,Light,1
NT6077,0.34,Light,1
NT6081,0.11,Light,1
NT6141,0.54,Light,1
NT6224,1.04,Light,1
NT6323,3.34,Light,1
NT6324,2.51,Light,1
NT6342,1.11,Light,1
NT6420,3.63,Light,1
NT6424,6.27,Light,1
NT6475,0.21,Light,1
NT6520,0.27,Light,1
NT6522,4.23,Light,1
NT6524,4.5,Light,1
NT6531,1.69,Light,1
NT6624,0.01,Light,1
NT6631,0.34,Light,1
NT6675,0.07,Light,1
NT6772,0.39,Light,1
NT6775,0.05,Light,1
NT6776,0.68,Light,1
NT6777,8.44,Light,1
NT6778,1.09,Light,1
NT6833,3.07,Light,1
NT6862,0.42,Light,1
NT6872,1.29,Light,1
NT6876,1.76,Light,1
NT6877,21.68,Light,1
NT6878,2.3,Light,1
NT6933,1.52,Light,1
NT6934,1.79,Light,1
NT6961,1.49,Light,1
NT6976,1.61,Light,1
NT6977,3.25,Light,1
NT6978,0.24,Light,1
NT7027,4.63,Light,1
NT7028,0.61,Light,1
NT7029,0.34,Light,1
NT7033,0.44,Light,1
NT7045,4.25,Light,1
NT7050,0.44,Light,1
NT7127,1.91,Light,1
NT7132,0.5,Light,1
NT7133,0.59,Light,1
NT7137,0.37,Light,1
NT7146,1.22,Light,1
NT7174,1.54,Light,1
NT7275,3.75,Light,1
NT7341,0.46,Light,1
NT7346,1.4,Light,1
NT7375,4.07,Light,1
NT7434,0.09,Light,1
NT7441,1.31,Light,1
NT7442,0.33,Light,1
NT7447,1.01,Light,1
NT7448,0.21,Light,1
NT7473,4.55,Light,1
NT7475,1.67,Light,1
NT7535,1.32,Light,1
NT7536,0.55,Light,1
NT7548,0.7,Light,1
NT7562,0.45,Light,1
NT7571,4.49,Light,1
NT7661,0.75,Light,1
NT7662,0.68,Light,1
NT7671,2.76,Light,1
NT7672,3.66,Light,1
NT7757,2.35,Light,1
NT7758,1.37,Light,1
NT7760,0.69,Light,1
NT7772,1.2,Light,1
NT7854,0.01,Light,1
NT7856,3.5,Light,1
NT7860,1.01,Light,1
NT8558,0.01,Light,1
NT9254,2.56,Light,1
NT9353,0.23,Light,1
NT9354,4.7,Light,1
NT9453,3.68,Light,1
NT9454,0.04,Light,1
NU0312,0.71,Light,1
NU0501,0.12,Light,1
NU0601,1.73,Light,1
NX1087,2.69,Light,1
NX1390,1.27,Light,1
NX1896,0.91,Light,1
NX7790,1.69,Light,1
NY4987,0.32,Light,1
NY6024,0.74,Light,1
NY6334,0.12,Light,1
NZ2030,2.06,Light,1
NZ2551,1.49,Light,1
NZ2940,0.21,Light,1
NZ2963,0.11,Light,1
NZ3766,0.02,Light,1
SD8012,7.41,Light,1
SD8303,0.39,Light,1
SD8304,0.73,Light,1
SD8505,3.32,Light,1
SD8715,48.05,Light,1
SD8814,36.5,Light,1
SD8815,40.18,Light,1
SD9414,0.27,Light,1
SD9986,0.07,Light,1
SH6459,0.46,Light,1
SJ1056,0.38,Light,1
SJ1252,0.39,Light,1
SJ1838,1,Light,1
SJ1910,0.08,Light,1
SJ5643,0.02,Light,1
SJ5659,1.72,Light,1
SJ5843,7.69,Light,1
SJ5848,0.21,Light,1
SJ8952,1.55,Light,1
SJ9856,16.06,Light,1
SJ9956,0.96,Light,1
SK1414,71.77,Light,1
SK2383,0.47,Light,1
SK2700,0.03,Light,1
SK2701,0.03,Light,1
SK3205,1.97,Light,1
SK4172,0.11,Light,1
SK4270,3.22,Light,1
SK4472,0.87,Light,1
SK5550,80.52,Light,1
SK6515,15.17,Light,1
SK6703,0.02,Light,1
SK7349,0.48,Light,1
SK9806,0.66,Light,1
SN5810,0.01,Light,1
SN7304,0.32,Light,1
SN7305,0.14,Light,1
SO1024,0.87,Light,1
SO1137,1.7,Light,1
SY6081,0.51,Light,1
SY9190,8.74,Light,1
SY9290,1.85,Light,1
